rollout,frame,side,x1,y1,x2,y2,score,source
rollout21,0,left_toy,153.0,400.0,184.0,438.0,1.0,SAM2_PROPAGATED
rollout21,0,right_toy,459.0,350.0,491.0,394.0,1.0,SAM2_PROPAGATED
rollout21,1,left_toy,153.0,401.0,184.0,438.0,1.0,SAM2_PROPAGATED
rollout21,1,right_toy,459.0,350.0,491.0,394.0,1.0,SAM2_PROPAGATED
rollout21,2,left_toy,153.0,400.0,184.0,438.0,1.0,SAM2_PROPAGATED
rollout21,2,right_toy,459.0,350.0,491.0,394.0,1.0,SAM2_PROPAGATED
rollout21,3,left_toy,153.0,400.0,184.0,438.0,1.0,SAM2_PROPAGATED
rollout21,3,right_toy,459.0,350.0,491.0,394.0,1.0,SAM2_PROPAGATED
rollout21,4,left_toy,153.0,400.0,184.0,438.0,1.0,SAM2_PROPAGATED
rollout21,4,right_toy,459.0,350.0,491.0,395.0,1.0,SAM2_PROPAGATED
rollout21,5,left_toy,153.0,400.0,184.0,438.0,1.0,SAM2_PROPAGATED
rollout21,5,right_toy,459.0,350.0,491.0,395.0,1.0,SAM2_PROPAGATED
rollout21,6,left_toy,153.0,400.0,184.0,438.0,1.0,SAM2_PROPAGATED
rollout21,6,right_toy,459.0,351.0,491.0,395.0,1.0,SAM2_PROPAGATED
rollout21,7,left_toy,153.0,400.0,184.0,438.0,1.0,SAM2_PROPAGATED
rollout21,7,right_toy,459.0,351.0,491.0,395.0,1.0,SAM2_PROPAGATED
rollout21,8,left_toy,153.0,400.0,184.0,437.0,1.0,SAM2_PROPAGATED
rollout21,8,right_toy,459.0,350.0,491.0,394.0,1.0,SAM2_PROPAGATED
rollout21,9,left_toy,153.0,400.0,184.0,434.0,1.0,SAM2_PROPAGATED
rollout21,9,right_toy,459.0,350.0,491.0,394.0,1.0,SAM2_PROPAGATED
rollout21,10,left_toy,153.0,400.0,184.0,433.0,1.0,SAM2_PROPAGATED
rollout21,10,right_toy,459.0,350.0,491.0,394.0,1.0,SAM2_PROPAGATED
rollout21,11,left_toy,153.0,400.0,183.0,433.0,1.0,SAM2_PROPAGATED
rollout21,11,right_toy,459.0,350.0,491.0,394.0,1.0,SAM2_PROPAGATED
rollout21,12,left_toy,153.0,400.0,184.0,435.0,1.0,SAM2_PROPAGATED
rollout21,12,right_toy,459.0,350.0,491.0,394.0,1.0,SAM2_PROPAGATED
rollout21,13,left_toy,153.0,400.0,184.0,435.0,1.0,SAM2_PROPAGATED
rollout21,13,right_toy,459.0,350.0,491.0,394.0,1.0,SAM2_PROPAGATED
rollout21,14,left_toy,153.0,400.0,184.0,436.0,1.0,SAM2_PROPAGATED
rollout21,14,right_toy,459.0,350.0,491.0,394.0,1.0,SAM2_PROPAGATED
rollout21,15,left_toy,153.0,400.0,184.0,436.0,1.0,SAM2_PROPAGATED
rollout21,15,right_toy,459.0,350.0,491.0,393.0,1.0,SAM2_PROPAGATED
rollout21,16,left_toy,153.0,400.0,184.0,436.0,1.0,SAM2_PROPAGATED
rollout21,16,right_toy,459.0,350.0,491.0,393.0,1.0,SAM2_PROPAGATED
rollout21,17,left_toy,153.0,400.0,185.0,436.0,1.0,SAM2_PROPAGATED
rollout21,17,right_toy,459.0,350.0,490.0,393.0,1.0,SAM2_PROPAGATED
rollout21,18,left_toy,154.0,400.0,185.0,437.0,1.0,SAM2_PROPAGATED
rollout21,18,right_toy,459.0,349.0,491.0,393.0,1.0,SAM2_PROPAGATED
rollout21,19,left_toy,154.0,400.0,185.0,438.0,1.0,SAM2_PROPAGATED
rollout21,19,right_toy,459.0,349.0,491.0,393.0,1.0,SAM2_PROPAGATED
rollout21,20,left_toy,154.0,400.0,184.0,438.0,1.0,SAM2_PROPAGATED
rollout21,20,right_toy,459.0,349.0,491.0,391.0,1.0,SAM2_PROPAGATED
rollout21,21,left_toy,153.0,400.0,185.0,438.0,1.0,SAM2_PROPAGATED
rollout21,21,right_toy,459.0,349.0,490.0,390.0,1.0,SAM2_PROPAGATED
rollout21,22,left_toy,153.0,400.0,185.0,438.0,1.0,SAM2_PROPAGATED
rollout21,22,right_toy,459.0,349.0,489.0,388.0,1.0,SAM2_PROPAGATED
rollout21,23,left_toy,153.0,400.0,186.0,439.0,1.0,SAM2_PROPAGATED
rollout21,23,right_toy,459.0,349.0,489.0,383.0,1.0,SAM2_PROPAGATED
rollout21,24,left_toy,153.0,400.0,186.0,439.0,1.0,SAM2_PROPAGATED
rollout21,24,right_toy,459.0,349.0,487.0,379.0,1.0,SAM2_PROPAGATED
rollout21,25,left_toy,153.0,400.0,186.0,438.0,1.0,SAM2_PROPAGATED
rollout21,25,right_toy,459.0,349.0,485.0,377.0,1.0,SAM2_PROPAGATED
rollout21,26,left_toy,153.0,400.0,186.0,438.0,1.0,SAM2_PROPAGATED
rollout21,26,right_toy,459.0,349.0,484.0,381.0,1.0,SAM2_PROPAGATED
rollout21,27,left_toy,153.0,399.0,186.0,438.0,1.0,SAM2_PROPAGATED
rollout21,27,right_toy,459.0,349.0,484.0,381.0,1.0,SAM2_PROPAGATED
rollout21,28,left_toy,154.0,399.0,186.0,437.0,1.0,SAM2_PROPAGATED
rollout21,28,right_toy,459.0,349.0,484.0,375.0,1.0,SAM2_PROPAGATED
rollout21,29,left_toy,154.0,399.0,186.0,436.0,1.0,SAM2_PROPAGATED
rollout21,29,right_toy,459.0,349.0,485.0,374.0,1.0,SAM2_PROPAGATED
rollout21,30,left_toy,154.0,398.0,186.0,436.0,1.0,SAM2_PROPAGATED
rollout21,30,right_toy,459.0,348.0,485.0,374.0,1.0,SAM2_PROPAGATED
rollout21,31,left_toy,154.0,398.0,186.0,435.0,1.0,SAM2_PROPAGATED
rollout21,31,right_toy,459.0,348.0,485.0,374.0,1.0,SAM2_PROPAGATED
rollout21,32,left_toy,155.0,398.0,186.0,435.0,1.0,SAM2_PROPAGATED
rollout21,32,right_toy,459.0,348.0,485.0,373.0,1.0,SAM2_PROPAGATED
rollout21,33,left_toy,154.0,397.0,187.0,434.0,1.0,SAM2_PROPAGATED
rollout21,33,right_toy,459.0,348.0,485.0,373.0,1.0,SAM2_PROPAGATED
rollout21,34,left_toy,154.0,396.0,187.0,434.0,1.0,SAM2_PROPAGATED
rollout21,34,right_toy,459.0,348.0,486.0,374.0,1.0,SAM2_PROPAGATED
rollout21,35,left_toy,155.0,396.0,190.0,432.0,1.0,SAM2_PROPAGATED
rollout21,35,right_toy,458.0,348.0,486.0,374.0,1.0,SAM2_PROPAGATED
rollout21,36,left_toy,156.0,396.0,188.0,431.0,1.0,SAM2_PROPAGATED
rollout21,36,right_toy,459.0,347.0,486.0,374.0,1.0,SAM2_PROPAGATED
rollout21,37,left_toy,155.0,396.0,189.0,430.0,1.0,SAM2_PROPAGATED
rollout21,37,right_toy,459.0,347.0,486.0,374.0,1.0,SAM2_PROPAGATED
rollout21,38,left_toy,156.0,395.0,188.0,429.0,1.0,SAM2_PROPAGATED
rollout21,38,right_toy,459.0,347.0,486.0,374.0,1.0,SAM2_PROPAGATED
rollout21,39,left_toy,155.0,395.0,188.0,429.0,1.0,SAM2_PROPAGATED
rollout21,39,right_toy,459.0,347.0,486.0,374.0,1.0,SAM2_PROPAGATED
rollout21,40,left_toy,155.0,395.0,187.0,429.0,1.0,SAM2_PROPAGATED
rollout21,40,right_toy,459.0,347.0,486.0,374.0,1.0,SAM2_PROPAGATED
rollout21,41,left_toy,155.0,395.0,186.0,429.0,1.0,SAM2_PROPAGATED
rollout21,41,right_toy,459.0,347.0,486.0,374.0,1.0,SAM2_PROPAGATED
rollout21,42,left_toy,155.0,395.0,186.0,429.0,1.0,SAM2_PROPAGATED
rollout21,42,right_toy,460.0,347.0,486.0,374.0,1.0,SAM2_PROPAGATED
rollout21,43,left_toy,155.0,395.0,186.0,429.0,1.0,SAM2_PROPAGATED
rollout21,43,right_toy,460.0,347.0,486.0,374.0,1.0,SAM2_PROPAGATED
rollout21,44,left_toy,154.0,396.0,188.0,428.0,1.0,SAM2_PROPAGATED
rollout21,44,right_toy,460.0,347.0,485.0,374.0,1.0,SAM2_PROPAGATED
rollout21,45,left_toy,153.0,399.0,186.0,428.0,1.0,SAM2_PROPAGATED
rollout21,45,right_toy,458.0,346.0,484.0,374.0,1.0,SAM2_PROPAGATED
rollout21,46,left_toy,154.0,398.0,186.0,428.0,1.0,SAM2_PROPAGATED
rollout21,46,right_toy,458.0,346.0,484.0,375.0,1.0,SAM2_PROPAGATED
rollout21,47,left_toy,153.0,398.0,186.0,429.0,1.0,SAM2_PROPAGATED
rollout21,47,right_toy,458.0,346.0,484.0,375.0,1.0,SAM2_PROPAGATED
rollout21,48,left_toy,153.0,398.0,185.0,429.0,1.0,SAM2_PROPAGATED
rollout21,48,right_toy,458.0,346.0,484.0,375.0,1.0,SAM2_PROPAGATED
rollout21,49,left_toy,153.0,398.0,185.0,429.0,1.0,SAM2_PROPAGATED
rollout21,49,right_toy,458.0,346.0,484.0,375.0,1.0,SAM2_PROPAGATED
rollout21,50,left_toy,153.0,398.0,185.0,429.0,1.0,SAM2_PROPAGATED
rollout21,50,right_toy,458.0,346.0,484.0,374.0,1.0,SAM2_PROPAGATED
rollout21,51,left_toy,153.0,398.0,185.0,429.0,1.0,SAM2_PROPAGATED
rollout21,51,right_toy,458.0,346.0,484.0,374.0,1.0,SAM2_PROPAGATED
rollout21,52,left_toy,154.0,396.0,186.0,427.0,1.0,SAM2_PROPAGATED
rollout21,52,right_toy,457.0,345.0,483.0,373.0,1.0,SAM2_PROPAGATED
rollout21,53,left_toy,154.0,393.0,188.0,424.0,1.0,SAM2_PROPAGATED
rollout21,53,right_toy,457.0,343.0,483.0,373.0,1.0,SAM2_PROPAGATED
rollout21,54,left_toy,155.0,389.0,189.0,420.0,1.0,SAM2_PROPAGATED
rollout21,54,right_toy,455.0,340.0,483.0,371.0,1.0,SAM2_PROPAGATED
rollout21,55,left_toy,158.0,385.0,189.0,415.0,1.0,SAM2_PROPAGATED
rollout21,55,right_toy,452.0,338.0,480.0,369.0,1.0,SAM2_PROPAGATED
rollout21,56,left_toy,160.0,377.0,193.0,410.0,1.0,SAM2_PROPAGATED
rollout21,56,right_toy,449.0,335.0,478.0,369.0,1.0,SAM2_PROPAGATED
rollout21,57,left_toy,163.0,372.0,199.0,407.0,1.0,SAM2_PROPAGATED
rollout21,57,right_toy,442.0,334.0,473.0,370.0,1.0,SAM2_PROPAGATED
rollout21,58,left_toy,169.0,367.0,203.0,405.0,1.0,SAM2_PROPAGATED
rollout21,58,right_toy,434.0,334.0,468.0,372.0,1.0,SAM2_PROPAGATED
rollout21,59,left_toy,171.0,366.0,209.0,404.0,1.0,SAM2_PROPAGATED
rollout21,59,right_toy,426.0,336.0,462.0,379.0,1.0,SAM2_PROPAGATED
rollout21,60,left_toy,175.0,364.0,212.0,406.0,1.0,SAM2_PROPAGATED
rollout21,60,right_toy,419.0,340.0,457.0,386.0,1.0,SAM2_PROPAGATED
rollout21,61,left_toy,177.0,365.0,217.0,408.0,1.0,SAM2_PROPAGATED
rollout21,61,right_toy,414.0,344.0,455.0,394.0,1.0,SAM2_PROPAGATED
rollout21,62,left_toy,179.0,365.0,219.0,410.0,1.0,SAM2_PROPAGATED
rollout21,62,right_toy,411.0,348.0,454.0,401.0,1.0,SAM2_PROPAGATED
rollout21,63,left_toy,179.0,366.0,220.0,413.0,1.0,SAM2_PROPAGATED
rollout21,63,right_toy,410.0,351.0,455.0,407.0,1.0,SAM2_PROPAGATED
rollout21,64,left_toy,180.0,367.0,220.0,414.0,1.0,SAM2_PROPAGATED
rollout21,64,right_toy,408.0,352.0,455.0,410.0,1.0,SAM2_PROPAGATED
rollout21,65,left_toy,180.0,368.0,219.0,415.0,1.0,SAM2_PROPAGATED
rollout21,65,right_toy,409.0,353.0,455.0,412.0,1.0,SAM2_PROPAGATED
rollout21,66,left_toy,180.0,368.0,220.0,415.0,1.0,SAM2_PROPAGATED
rollout21,66,right_toy,409.0,353.0,456.0,412.0,1.0,SAM2_PROPAGATED
rollout21,67,left_toy,181.0,368.0,222.0,414.0,1.0,SAM2_PROPAGATED
rollout21,67,right_toy,409.0,353.0,456.0,413.0,1.0,SAM2_PROPAGATED
rollout21,68,left_toy,185.0,365.0,226.0,411.0,1.0,SAM2_PROPAGATED
rollout21,68,right_toy,409.0,353.0,456.0,413.0,1.0,SAM2_PROPAGATED
rollout21,69,left_toy,193.0,361.0,232.0,406.0,1.0,SAM2_PROPAGATED
rollout21,69,right_toy,409.0,353.0,456.0,413.0,1.0,SAM2_PROPAGATED
rollout21,70,left_toy,205.0,355.0,242.0,398.0,1.0,SAM2_PROPAGATED
rollout21,70,right_toy,409.0,353.0,456.0,413.0,1.0,SAM2_PROPAGATED
rollout21,71,left_toy,221.0,349.0,255.0,390.0,1.0,SAM2_PROPAGATED
rollout21,71,right_toy,409.0,353.0,456.0,413.0,1.0,SAM2_PROPAGATED
rollout21,72,left_toy,233.0,343.0,266.0,382.0,1.0,SAM2_PROPAGATED
rollout21,72,right_toy,409.0,353.0,456.0,413.0,1.0,SAM2_PROPAGATED
rollout21,73,left_toy,252.0,336.0,285.0,373.0,1.0,SAM2_PROPAGATED
rollout21,73,right_toy,409.0,353.0,456.0,412.0,1.0,SAM2_PROPAGATED
rollout21,74,left_toy,267.0,329.0,299.0,364.0,1.0,SAM2_PROPAGATED
rollout21,74,right_toy,409.0,353.0,456.0,413.0,1.0,SAM2_PROPAGATED
rollout21,75,left_toy,287.0,321.0,317.0,357.0,1.0,SAM2_PROPAGATED
rollout21,75,right_toy,409.0,353.0,456.0,413.0,1.0,SAM2_PROPAGATED
rollout21,76,left_toy,302.0,315.0,333.0,350.0,1.0,SAM2_PROPAGATED
rollout21,76,right_toy,409.0,353.0,456.0,413.0,1.0,SAM2_PROPAGATED
rollout21,77,left_toy,311.0,310.0,344.0,346.0,1.0,SAM2_PROPAGATED
rollout21,77,right_toy,409.0,353.0,456.0,413.0,1.0,SAM2_PROPAGATED
rollout21,78,left_toy,322.0,308.0,354.0,344.0,1.0,SAM2_PROPAGATED
rollout21,78,right_toy,409.0,353.0,456.0,413.0,1.0,SAM2_PROPAGATED
rollout21,79,left_toy,327.0,305.0,359.0,342.0,1.0,SAM2_PROPAGATED
rollout21,79,right_toy,409.0,353.0,456.0,413.0,1.0,SAM2_PROPAGATED
rollout21,80,left_toy,330.0,304.0,362.0,341.0,1.0,SAM2_PROPAGATED
rollout21,80,right_toy,409.0,353.0,456.0,413.0,1.0,SAM2_PROPAGATED
rollout21,81,left_toy,330.0,304.0,363.0,340.0,1.0,SAM2_PROPAGATED
rollout21,81,right_toy,409.0,353.0,456.0,413.0,1.0,SAM2_PROPAGATED
rollout21,82,left_toy,330.0,304.0,363.0,341.0,1.0,SAM2_PROPAGATED
rollout21,82,right_toy,409.0,353.0,456.0,413.0,1.0,SAM2_PROPAGATED
rollout21,83,left_toy,332.0,306.0,366.0,341.0,1.0,SAM2_PROPAGATED
rollout21,83,right_toy,409.0,353.0,456.0,413.0,1.0,SAM2_PROPAGATED
rollout21,84,left_toy,335.0,321.0,365.0,342.0,1.0,SAM2_PROPAGATED
rollout21,84,right_toy,409.0,353.0,456.0,413.0,1.0,SAM2_PROPAGATED
rollout21,85,left_toy,339.0,327.0,364.0,343.0,1.0,SAM2_PROPAGATED
rollout21,85,right_toy,409.0,353.0,456.0,413.0,1.0,SAM2_PROPAGATED
rollout21,86,left_toy,341.0,330.0,364.0,343.0,1.0,SAM2_PROPAGATED
rollout21,86,right_toy,409.0,353.0,456.0,413.0,1.0,SAM2_PROPAGATED
rollout21,87,right_toy,409.0,353.0,456.0,413.0,1.0,SAM2_PROPAGATED
rollout21,88,right_toy,409.0,353.0,456.0,413.0,1.0,SAM2_PROPAGATED
rollout21,89,right_toy,409.0,353.0,456.0,413.0,1.0,SAM2_PROPAGATED
rollout21,90,left_toy,332.0,332.0,358.0,345.0,1.0,SAM2_PROPAGATED
rollout21,90,right_toy,409.0,353.0,456.0,413.0,1.0,SAM2_PROPAGATED
rollout21,91,right_toy,409.0,353.0,456.0,413.0,1.0,SAM2_PROPAGATED
rollout21,92,right_toy,410.0,354.0,456.0,413.0,1.0,SAM2_PROPAGATED
rollout21,93,left_toy,331.0,343.0,354.0,368.0,1.0,SAM2_PROPAGATED
rollout21,93,right_toy,409.0,354.0,456.0,413.0,1.0,SAM2_PROPAGATED
rollout21,94,left_toy,329.0,344.0,353.0,368.0,1.0,SAM2_PROPAGATED
rollout21,94,right_toy,410.0,354.0,456.0,413.0,1.0,SAM2_PROPAGATED
rollout21,95,left_toy,329.0,344.0,353.0,369.0,1.0,SAM2_PROPAGATED
rollout21,95,right_toy,410.0,354.0,456.0,413.0,1.0,SAM2_PROPAGATED
rollout21,96,right_toy,410.0,354.0,456.0,413.0,1.0,SAM2_PROPAGATED
rollout21,97,left_toy,241.0,376.0,254.0,407.0,1.0,SAM2_PROPAGATED
rollout21,97,right_toy,410.0,354.0,456.0,413.0,1.0,SAM2_PROPAGATED
rollout21,98,left_toy,326.0,342.0,350.0,371.0,1.0,SAM2_PROPAGATED
rollout21,98,right_toy,409.0,353.0,456.0,413.0,1.0,SAM2_PROPAGATED
rollout21,99,right_toy,409.0,353.0,456.0,413.0,1.0,SAM2_PROPAGATED
rollout21,100,right_toy,409.0,353.0,456.0,413.0,1.0,SAM2_PROPAGATED
rollout21,101,left_toy,191.0,428.0,209.0,456.0,1.0,SAM2_PROPAGATED
rollout21,101,right_toy,409.0,353.0,456.0,413.0,1.0,SAM2_PROPAGATED
rollout21,102,right_toy,409.0,353.0,456.0,413.0,1.0,SAM2_PROPAGATED
rollout21,103,left_toy,189.0,432.0,209.0,461.0,1.0,SAM2_PROPAGATED
rollout21,103,right_toy,409.0,353.0,456.0,413.0,1.0,SAM2_PROPAGATED
rollout21,104,right_toy,409.0,353.0,456.0,413.0,1.0,SAM2_PROPAGATED
rollout21,105,right_toy,409.0,353.0,456.0,413.0,1.0,SAM2_PROPAGATED
rollout21,106,right_toy,409.0,353.0,456.0,413.0,1.0,SAM2_PROPAGATED
rollout21,107,right_toy,409.0,354.0,456.0,413.0,1.0,SAM2_PROPAGATED
rollout21,108,right_toy,408.0,353.0,455.0,412.0,1.0,SAM2_PROPAGATED
rollout21,109,right_toy,405.0,352.0,450.0,408.0,1.0,SAM2_PROPAGATED
rollout21,110,right_toy,400.0,348.0,443.0,405.0,1.0,SAM2_PROPAGATED
rollout21,111,right_toy,391.0,343.0,432.0,397.0,1.0,SAM2_PROPAGATED
rollout21,112,right_toy,380.0,337.0,417.0,388.0,1.0,SAM2_PROPAGATED
rollout21,113,right_toy,365.0,329.0,400.0,380.0,1.0,SAM2_PROPAGATED
rollout21,114,right_toy,348.0,323.0,382.0,371.0,1.0,SAM2_PROPAGATED
rollout21,115,right_toy,335.0,317.0,367.0,363.0,1.0,SAM2_PROPAGATED
rollout21,116,right_toy,316.0,310.0,349.0,355.0,1.0,SAM2_PROPAGATED
rollout21,117,right_toy,303.0,305.0,334.0,349.0,1.0,SAM2_PROPAGATED
rollout21,118,right_toy,291.0,300.0,323.0,345.0,1.0,SAM2_PROPAGATED
rollout21,119,right_toy,283.0,297.0,315.0,342.0,1.0,SAM2_PROPAGATED
rollout21,120,right_toy,276.0,295.0,308.0,339.0,1.0,SAM2_PROPAGATED
rollout21,121,right_toy,273.0,294.0,305.0,338.0,1.0,SAM2_PROPAGATED
rollout21,122,right_toy,272.0,293.0,303.0,337.0,1.0,SAM2_PROPAGATED
rollout21,123,right_toy,272.0,292.0,303.0,337.0,1.0,SAM2_PROPAGATED
rollout21,124,right_toy,273.0,297.0,304.0,338.0,1.0,SAM2_PROPAGATED
rollout21,125,right_toy,277.0,320.0,297.0,343.0,1.0,SAM2_PROPAGATED
rollout21,126,right_toy,273.0,332.0,288.0,365.0,1.0,SAM2_PROPAGATED
rollout21,127,right_toy,273.0,331.0,288.0,363.0,1.0,SAM2_PROPAGATED
rollout21,128,right_toy,273.0,331.0,288.0,362.0,1.0,SAM2_PROPAGATED
rollout21,129,right_toy,273.0,331.0,289.0,362.0,1.0,SAM2_PROPAGATED
rollout21,130,right_toy,274.0,332.0,289.0,363.0,1.0,SAM2_PROPAGATED
rollout21,131,right_toy,278.0,333.0,292.0,364.0,1.0,SAM2_PROPAGATED
rollout21,132,right_toy,274.0,337.0,297.0,365.0,1.0,SAM2_PROPAGATED
rollout21,133,right_toy,274.0,332.0,293.0,367.0,1.0,SAM2_PROPAGATED
rollout21,134,right_toy,275.0,333.0,298.0,367.0,1.0,SAM2_PROPAGATED
rollout21,135,right_toy,276.0,333.0,299.0,368.0,1.0,SAM2_PROPAGATED
rollout21,136,right_toy,276.0,333.0,299.0,369.0,1.0,SAM2_PROPAGATED
rollout21,137,right_toy,276.0,333.0,300.0,369.0,1.0,SAM2_PROPAGATED
rollout21,138,right_toy,276.0,334.0,300.0,370.0,1.0,SAM2_PROPAGATED
rollout21,139,right_toy,276.0,334.0,300.0,370.0,1.0,SAM2_PROPAGATED
rollout21,140,right_toy,276.0,333.0,301.0,370.0,1.0,SAM2_PROPAGATED
rollout21,141,right_toy,276.0,333.0,300.0,370.0,1.0,SAM2_PROPAGATED
rollout21,142,right_toy,276.0,334.0,300.0,371.0,1.0,SAM2_PROPAGATED
rollout21,143,right_toy,276.0,334.0,300.0,370.0,1.0,SAM2_PROPAGATED
rollout21,144,right_toy,276.0,333.0,300.0,370.0,1.0,SAM2_PROPAGATED
rollout21,145,right_toy,276.0,333.0,300.0,370.0,1.0,SAM2_PROPAGATED
rollout21,146,right_toy,276.0,334.0,300.0,370.0,1.0,SAM2_PROPAGATED
rollout21,147,right_toy,276.0,334.0,300.0,370.0,1.0,SAM2_PROPAGATED
rollout21,148,right_toy,276.0,334.0,300.0,370.0,1.0,SAM2_PROPAGATED
rollout22,0,left_toy,168.0,400.0,190.0,433.0,1.0,SAM2_PROPAGATED
rollout22,0,right_toy,389.0,322.0,418.0,374.0,1.0,SAM2_PROPAGATED
rollout22,1,left_toy,168.0,400.0,187.0,433.0,1.0,SAM2_PROPAGATED
rollout22,1,right_toy,389.0,322.0,419.0,374.0,1.0,SAM2_PROPAGATED
rollout22,2,left_toy,168.0,401.0,189.0,433.0,1.0,SAM2_PROPAGATED
rollout22,2,right_toy,389.0,322.0,419.0,374.0,1.0,SAM2_PROPAGATED
rollout22,3,left_toy,168.0,401.0,189.0,433.0,1.0,SAM2_PROPAGATED
rollout22,3,right_toy,389.0,322.0,419.0,374.0,1.0,SAM2_PROPAGATED
rollout22,4,left_toy,168.0,401.0,189.0,434.0,1.0,SAM2_PROPAGATED
rollout22,4,right_toy,389.0,322.0,419.0,374.0,1.0,SAM2_PROPAGATED
rollout22,5,left_toy,168.0,401.0,189.0,434.0,1.0,SAM2_PROPAGATED
rollout22,5,right_toy,389.0,322.0,419.0,374.0,1.0,SAM2_PROPAGATED
rollout22,6,left_toy,168.0,401.0,187.0,433.0,1.0,SAM2_PROPAGATED
rollout22,6,right_toy,389.0,322.0,419.0,374.0,1.0,SAM2_PROPAGATED
rollout22,7,left_toy,168.0,401.0,187.0,433.0,1.0,SAM2_PROPAGATED
rollout22,7,right_toy,389.0,322.0,419.0,374.0,1.0,SAM2_PROPAGATED
rollout22,8,left_toy,168.0,401.0,189.0,433.0,1.0,SAM2_PROPAGATED
rollout22,8,right_toy,389.0,322.0,419.0,374.0,1.0,SAM2_PROPAGATED
rollout22,9,left_toy,168.0,400.0,189.0,431.0,1.0,SAM2_PROPAGATED
rollout22,9,right_toy,389.0,322.0,419.0,374.0,1.0,SAM2_PROPAGATED
rollout22,10,left_toy,168.0,401.0,189.0,430.0,1.0,SAM2_PROPAGATED
rollout22,10,right_toy,389.0,322.0,419.0,374.0,1.0,SAM2_PROPAGATED
rollout22,11,left_toy,168.0,401.0,189.0,430.0,1.0,SAM2_PROPAGATED
rollout22,11,right_toy,389.0,322.0,418.0,374.0,1.0,SAM2_PROPAGATED
rollout22,12,left_toy,168.0,401.0,187.0,430.0,1.0,SAM2_PROPAGATED
rollout22,12,right_toy,389.0,322.0,418.0,374.0,1.0,SAM2_PROPAGATED
rollout22,13,left_toy,168.0,400.0,187.0,431.0,1.0,SAM2_PROPAGATED
rollout22,13,right_toy,389.0,322.0,418.0,374.0,1.0,SAM2_PROPAGATED
rollout22,14,left_toy,168.0,400.0,189.0,431.0,1.0,SAM2_PROPAGATED
rollout22,14,right_toy,388.0,322.0,417.0,373.0,1.0,SAM2_PROPAGATED
rollout22,15,left_toy,168.0,400.0,189.0,432.0,1.0,SAM2_PROPAGATED
rollout22,15,right_toy,388.0,322.0,417.0,373.0,1.0,SAM2_PROPAGATED
rollout22,16,left_toy,168.0,400.0,189.0,433.0,1.0,SAM2_PROPAGATED
rollout22,16,right_toy,388.0,322.0,417.0,372.0,1.0,SAM2_PROPAGATED
rollout22,17,left_toy,168.0,400.0,189.0,434.0,1.0,SAM2_PROPAGATED
rollout22,17,right_toy,388.0,322.0,417.0,372.0,1.0,SAM2_PROPAGATED
rollout22,18,left_toy,168.0,400.0,189.0,436.0,1.0,SAM2_PROPAGATED
rollout22,18,right_toy,388.0,322.0,417.0,371.0,1.0,SAM2_PROPAGATED
rollout22,19,left_toy,168.0,400.0,189.0,437.0,1.0,SAM2_PROPAGATED
rollout22,19,right_toy,388.0,322.0,417.0,370.0,1.0,SAM2_PROPAGATED
rollout22,20,left_toy,168.0,400.0,190.0,437.0,1.0,SAM2_PROPAGATED
rollout22,20,right_toy,388.0,321.0,417.0,370.0,1.0,SAM2_PROPAGATED
rollout22,21,left_toy,168.0,400.0,191.0,438.0,1.0,SAM2_PROPAGATED
rollout22,21,right_toy,388.0,321.0,417.0,368.0,1.0,SAM2_PROPAGATED
rollout22,22,left_toy,168.0,399.0,191.0,437.0,1.0,SAM2_PROPAGATED
rollout22,22,right_toy,388.0,321.0,417.0,366.0,1.0,SAM2_PROPAGATED
rollout22,23,left_toy,168.0,399.0,191.0,437.0,1.0,SAM2_PROPAGATED
rollout22,23,right_toy,388.0,321.0,417.0,363.0,1.0,SAM2_PROPAGATED
rollout22,24,left_toy,168.0,399.0,191.0,437.0,1.0,SAM2_PROPAGATED
rollout22,24,right_toy,388.0,321.0,417.0,360.0,1.0,SAM2_PROPAGATED
rollout22,25,left_toy,168.0,399.0,191.0,438.0,1.0,SAM2_PROPAGATED
rollout22,25,right_toy,388.0,321.0,417.0,358.0,1.0,SAM2_PROPAGATED
rollout22,26,left_toy,168.0,398.0,191.0,437.0,1.0,SAM2_PROPAGATED
rollout22,26,right_toy,388.0,320.0,417.0,358.0,1.0,SAM2_PROPAGATED
rollout22,27,left_toy,168.0,398.0,192.0,437.0,1.0,SAM2_PROPAGATED
rollout22,27,right_toy,388.0,320.0,417.0,357.0,1.0,SAM2_PROPAGATED
rollout22,28,left_toy,168.0,398.0,192.0,437.0,1.0,SAM2_PROPAGATED
rollout22,28,right_toy,388.0,321.0,417.0,357.0,1.0,SAM2_PROPAGATED
rollout22,29,left_toy,168.0,398.0,193.0,436.0,1.0,SAM2_PROPAGATED
rollout22,29,right_toy,389.0,320.0,417.0,356.0,1.0,SAM2_PROPAGATED
rollout22,30,left_toy,169.0,397.0,193.0,436.0,1.0,SAM2_PROPAGATED
rollout22,30,right_toy,388.0,320.0,417.0,354.0,1.0,SAM2_PROPAGATED
rollout22,31,left_toy,169.0,396.0,194.0,435.0,1.0,SAM2_PROPAGATED
rollout22,31,right_toy,389.0,320.0,417.0,354.0,1.0,SAM2_PROPAGATED
rollout22,32,left_toy,170.0,396.0,194.0,434.0,1.0,SAM2_PROPAGATED
rollout22,32,right_toy,390.0,320.0,417.0,353.0,1.0,SAM2_PROPAGATED
rollout22,33,left_toy,170.0,395.0,195.0,433.0,1.0,SAM2_PROPAGATED
rollout22,33,right_toy,390.0,320.0,417.0,353.0,1.0,SAM2_PROPAGATED
rollout22,34,left_toy,170.0,394.0,195.0,432.0,1.0,SAM2_PROPAGATED
rollout22,34,right_toy,390.0,320.0,417.0,353.0,1.0,SAM2_PROPAGATED
rollout22,35,left_toy,170.0,394.0,195.0,431.0,1.0,SAM2_PROPAGATED
rollout22,35,right_toy,390.0,320.0,416.0,353.0,1.0,SAM2_PROPAGATED
rollout22,36,left_toy,170.0,394.0,196.0,431.0,1.0,SAM2_PROPAGATED
rollout22,36,right_toy,390.0,320.0,417.0,353.0,1.0,SAM2_PROPAGATED
rollout22,37,left_toy,171.0,394.0,196.0,430.0,1.0,SAM2_PROPAGATED
rollout22,37,right_toy,390.0,320.0,418.0,354.0,1.0,SAM2_PROPAGATED
rollout22,38,left_toy,171.0,394.0,196.0,430.0,1.0,SAM2_PROPAGATED
rollout22,38,right_toy,390.0,320.0,417.0,354.0,1.0,SAM2_PROPAGATED
rollout22,39,left_toy,171.0,394.0,196.0,429.0,1.0,SAM2_PROPAGATED
rollout22,39,right_toy,387.0,320.0,418.0,355.0,1.0,SAM2_PROPAGATED
rollout22,40,left_toy,171.0,393.0,196.0,429.0,1.0,SAM2_PROPAGATED
rollout22,40,right_toy,389.0,319.0,418.0,355.0,1.0,SAM2_PROPAGATED
rollout22,41,left_toy,171.0,393.0,196.0,429.0,1.0,SAM2_PROPAGATED
rollout22,41,right_toy,388.0,319.0,418.0,355.0,1.0,SAM2_PROPAGATED
rollout22,42,left_toy,171.0,394.0,196.0,429.0,1.0,SAM2_PROPAGATED
rollout22,42,right_toy,388.0,320.0,418.0,355.0,1.0,SAM2_PROPAGATED
rollout22,43,left_toy,171.0,394.0,196.0,429.0,1.0,SAM2_PROPAGATED
rollout22,43,right_toy,387.0,320.0,418.0,355.0,1.0,SAM2_PROPAGATED
rollout22,44,left_toy,170.0,391.0,196.0,429.0,1.0,SAM2_PROPAGATED
rollout22,44,right_toy,385.0,319.0,420.0,355.0,1.0,SAM2_PROPAGATED
rollout22,45,left_toy,170.0,390.0,195.0,429.0,1.0,SAM2_PROPAGATED
rollout22,45,right_toy,389.0,319.0,420.0,355.0,1.0,SAM2_PROPAGATED
rollout22,46,left_toy,167.0,394.0,192.0,429.0,1.0,SAM2_PROPAGATED
rollout22,46,right_toy,389.0,318.0,420.0,354.0,1.0,SAM2_PROPAGATED
rollout22,47,left_toy,167.0,394.0,192.0,430.0,1.0,SAM2_PROPAGATED
rollout22,47,right_toy,389.0,317.0,420.0,354.0,1.0,SAM2_PROPAGATED
rollout22,48,left_toy,167.0,394.0,192.0,429.0,1.0,SAM2_PROPAGATED
rollout22,48,right_toy,389.0,317.0,420.0,354.0,1.0,SAM2_PROPAGATED
rollout22,49,left_toy,167.0,394.0,192.0,429.0,1.0,SAM2_PROPAGATED
rollout22,49,right_toy,387.0,317.0,420.0,355.0,1.0,SAM2_PROPAGATED
rollout22,50,left_toy,167.0,394.0,192.0,429.0,1.0,SAM2_PROPAGATED
rollout22,50,right_toy,389.0,316.0,420.0,354.0,1.0,SAM2_PROPAGATED
rollout22,51,left_toy,167.0,393.0,192.0,429.0,1.0,SAM2_PROPAGATED
rollout22,51,right_toy,388.0,316.0,421.0,354.0,1.0,SAM2_PROPAGATED
rollout22,52,left_toy,167.0,393.0,192.0,428.0,1.0,SAM2_PROPAGATED
rollout22,52,right_toy,389.0,316.0,423.0,355.0,1.0,SAM2_PROPAGATED
rollout22,53,left_toy,167.0,390.0,192.0,425.0,1.0,SAM2_PROPAGATED
rollout22,53,right_toy,389.0,317.0,426.0,356.0,1.0,SAM2_PROPAGATED
rollout22,54,left_toy,168.0,386.0,192.0,421.0,1.0,SAM2_PROPAGATED
rollout22,54,right_toy,395.0,313.0,429.0,352.0,1.0,SAM2_PROPAGATED
rollout22,55,left_toy,168.0,381.0,193.0,416.0,1.0,SAM2_PROPAGATED
rollout22,55,right_toy,400.0,311.0,434.0,352.0,1.0,SAM2_PROPAGATED
rollout22,56,left_toy,170.0,376.0,195.0,411.0,1.0,SAM2_PROPAGATED
rollout22,56,right_toy,401.0,313.0,439.0,356.0,1.0,SAM2_PROPAGATED
rollout22,57,left_toy,172.0,372.0,201.0,407.0,1.0,SAM2_PROPAGATED
rollout22,57,right_toy,403.0,314.0,445.0,357.0,1.0,SAM2_PROPAGATED
rollout22,58,left_toy,174.0,370.0,205.0,405.0,1.0,SAM2_PROPAGATED
rollout22,58,right_toy,406.0,320.0,447.0,362.0,1.0,SAM2_PROPAGATED
rollout22,59,left_toy,177.0,368.0,209.0,404.0,1.0,SAM2_PROPAGATED
rollout22,59,right_toy,407.0,328.0,449.0,372.0,1.0,SAM2_PROPAGATED
rollout22,60,left_toy,178.0,367.0,209.0,406.0,1.0,SAM2_PROPAGATED
rollout22,60,right_toy,406.0,336.0,452.0,382.0,1.0,SAM2_PROPAGATED
rollout22,61,left_toy,179.0,368.0,209.0,408.0,1.0,SAM2_PROPAGATED
rollout22,61,right_toy,406.0,344.0,456.0,391.0,1.0,SAM2_PROPAGATED
rollout22,62,left_toy,180.0,369.0,210.0,410.0,1.0,SAM2_PROPAGATED
rollout22,62,right_toy,407.0,351.0,460.0,403.0,1.0,SAM2_PROPAGATED
rollout22,63,left_toy,180.0,370.0,211.0,412.0,1.0,SAM2_PROPAGATED
rollout22,63,right_toy,408.0,356.0,463.0,412.0,1.0,SAM2_PROPAGATED
rollout22,64,left_toy,180.0,371.0,210.0,414.0,1.0,SAM2_PROPAGATED
rollout22,64,right_toy,408.0,359.0,463.0,414.0,1.0,SAM2_PROPAGATED
rollout22,65,left_toy,180.0,371.0,210.0,414.0,1.0,SAM2_PROPAGATED
rollout22,65,right_toy,408.0,360.0,464.0,413.0,1.0,SAM2_PROPAGATED
rollout22,66,left_toy,180.0,371.0,210.0,415.0,1.0,SAM2_PROPAGATED
rollout22,66,right_toy,408.0,360.0,464.0,413.0,1.0,SAM2_PROPAGATED
rollout22,67,left_toy,180.0,371.0,210.0,415.0,1.0,SAM2_PROPAGATED
rollout22,67,right_toy,408.0,360.0,463.0,413.0,1.0,SAM2_PROPAGATED
rollout22,68,left_toy,180.0,371.0,210.0,415.0,1.0,SAM2_PROPAGATED
rollout22,68,right_toy,406.0,358.0,461.0,412.0,1.0,SAM2_PROPAGATED
rollout22,69,left_toy,180.0,371.0,210.0,414.0,1.0,SAM2_PROPAGATED
rollout22,69,right_toy,403.0,354.0,457.0,408.0,1.0,SAM2_PROPAGATED
rollout22,70,left_toy,180.0,371.0,211.0,414.0,1.0,SAM2_PROPAGATED
rollout22,70,right_toy,398.0,348.0,451.0,398.0,1.0,SAM2_PROPAGATED
rollout22,71,left_toy,180.0,371.0,211.0,414.0,1.0,SAM2_PROPAGATED
rollout22,71,right_toy,391.0,342.0,443.0,397.0,1.0,SAM2_PROPAGATED
rollout22,72,left_toy,180.0,371.0,211.0,414.0,1.0,SAM2_PROPAGATED
rollout22,72,right_toy,385.0,335.0,434.0,383.0,1.0,SAM2_PROPAGATED
rollout22,73,left_toy,180.0,371.0,211.0,414.0,1.0,SAM2_PROPAGATED
rollout22,73,right_toy,382.0,328.0,426.0,375.0,1.0,SAM2_PROPAGATED
rollout22,74,left_toy,180.0,371.0,211.0,415.0,1.0,SAM2_PROPAGATED
rollout22,74,right_toy,374.0,321.0,416.0,367.0,1.0,SAM2_PROPAGATED
rollout22,75,left_toy,180.0,371.0,211.0,414.0,1.0,SAM2_PROPAGATED
rollout22,75,right_toy,366.0,312.0,408.0,360.0,1.0,SAM2_PROPAGATED
rollout22,76,left_toy,181.0,372.0,212.0,414.0,1.0,SAM2_PROPAGATED
rollout22,76,right_toy,361.0,306.0,402.0,353.0,1.0,SAM2_PROPAGATED
rollout22,77,left_toy,181.0,372.0,212.0,414.0,1.0,SAM2_PROPAGATED
rollout22,77,right_toy,352.0,304.0,395.0,352.0,1.0,SAM2_PROPAGATED
rollout22,78,left_toy,181.0,372.0,212.0,414.0,1.0,SAM2_PROPAGATED
rollout22,78,right_toy,348.0,297.0,392.0,345.0,1.0,SAM2_PROPAGATED
rollout22,79,left_toy,181.0,372.0,212.0,414.0,1.0,SAM2_PROPAGATED
rollout22,79,right_toy,348.0,295.0,387.0,342.0,1.0,SAM2_PROPAGATED
rollout22,80,left_toy,181.0,372.0,212.0,414.0,1.0,SAM2_PROPAGATED
rollout22,80,right_toy,347.0,294.0,386.0,340.0,1.0,SAM2_PROPAGATED
rollout22,81,left_toy,181.0,372.0,213.0,415.0,1.0,SAM2_PROPAGATED
rollout22,81,right_toy,347.0,294.0,383.0,340.0,1.0,SAM2_PROPAGATED
rollout22,82,left_toy,181.0,372.0,213.0,414.0,1.0,SAM2_PROPAGATED
rollout22,82,right_toy,348.0,295.0,384.0,342.0,1.0,SAM2_PROPAGATED
rollout22,83,left_toy,181.0,372.0,213.0,414.0,1.0,SAM2_PROPAGATED
rollout22,83,right_toy,350.0,304.0,377.0,343.0,1.0,SAM2_PROPAGATED
rollout22,84,left_toy,181.0,373.0,213.0,414.0,1.0,SAM2_PROPAGATED
rollout22,84,right_toy,349.0,311.0,374.0,344.0,1.0,SAM2_PROPAGATED
rollout22,85,left_toy,181.0,373.0,213.0,414.0,1.0,SAM2_PROPAGATED
rollout22,85,right_toy,343.0,310.0,374.0,343.0,1.0,SAM2_PROPAGATED
rollout22,86,left_toy,182.0,373.0,213.0,414.0,1.0,SAM2_PROPAGATED
rollout22,86,right_toy,344.0,311.0,374.0,343.0,1.0,SAM2_PROPAGATED
rollout22,87,left_toy,182.0,373.0,213.0,414.0,1.0,SAM2_PROPAGATED
rollout22,87,right_toy,344.0,311.0,374.0,343.0,1.0,SAM2_PROPAGATED
rollout22,88,left_toy,182.0,373.0,213.0,414.0,1.0,SAM2_PROPAGATED
rollout22,88,right_toy,344.0,310.0,374.0,345.0,1.0,SAM2_PROPAGATED
rollout22,89,left_toy,182.0,373.0,214.0,414.0,1.0,SAM2_PROPAGATED
rollout22,89,right_toy,344.0,311.0,377.0,345.0,1.0,SAM2_PROPAGATED
rollout22,90,left_toy,182.0,373.0,213.0,414.0,1.0,SAM2_PROPAGATED
rollout22,90,right_toy,344.0,311.0,377.0,347.0,1.0,SAM2_PROPAGATED
rollout22,91,left_toy,182.0,373.0,213.0,414.0,1.0,SAM2_PROPAGATED
rollout22,91,right_toy,344.0,311.0,374.0,350.0,1.0,SAM2_PROPAGATED
rollout22,92,left_toy,182.0,373.0,213.0,414.0,1.0,SAM2_PROPAGATED
rollout22,92,right_toy,345.0,312.0,374.0,356.0,1.0,SAM2_PROPAGATED
rollout22,93,left_toy,182.0,373.0,213.0,414.0,1.0,SAM2_PROPAGATED
rollout22,93,right_toy,345.0,312.0,372.0,365.0,1.0,SAM2_PROPAGATED
rollout22,94,left_toy,182.0,373.0,213.0,414.0,1.0,SAM2_PROPAGATED
rollout22,94,right_toy,346.0,312.0,374.0,367.0,1.0,SAM2_PROPAGATED
rollout22,95,left_toy,182.0,373.0,213.0,414.0,1.0,SAM2_PROPAGATED
rollout22,95,right_toy,346.0,312.0,374.0,367.0,1.0,SAM2_PROPAGATED
rollout22,96,left_toy,182.0,373.0,213.0,414.0,1.0,SAM2_PROPAGATED
rollout22,96,right_toy,346.0,313.0,374.0,367.0,1.0,SAM2_PROPAGATED
rollout22,97,left_toy,182.0,373.0,213.0,414.0,1.0,SAM2_PROPAGATED
rollout22,97,right_toy,346.0,313.0,375.0,367.0,1.0,SAM2_PROPAGATED
rollout22,98,left_toy,182.0,373.0,213.0,414.0,1.0,SAM2_PROPAGATED
rollout22,98,right_toy,347.0,313.0,375.0,368.0,1.0,SAM2_PROPAGATED
rollout22,99,left_toy,182.0,373.0,213.0,414.0,1.0,SAM2_PROPAGATED
rollout22,99,right_toy,347.0,313.0,375.0,368.0,1.0,SAM2_PROPAGATED
rollout22,100,left_toy,182.0,373.0,213.0,414.0,1.0,SAM2_PROPAGATED
rollout22,100,right_toy,347.0,313.0,374.0,368.0,1.0,SAM2_PROPAGATED
rollout22,101,left_toy,182.0,373.0,213.0,414.0,1.0,SAM2_PROPAGATED
rollout22,101,right_toy,347.0,313.0,374.0,368.0,1.0,SAM2_PROPAGATED
rollout22,102,left_toy,182.0,374.0,212.0,414.0,1.0,SAM2_PROPAGATED
rollout22,102,right_toy,346.0,313.0,375.0,368.0,1.0,SAM2_PROPAGATED
rollout22,103,left_toy,182.0,374.0,211.0,414.0,1.0,SAM2_PROPAGATED
rollout22,103,right_toy,346.0,313.0,374.0,368.0,1.0,SAM2_PROPAGATED
rollout22,104,left_toy,182.0,374.0,211.0,414.0,1.0,SAM2_PROPAGATED
rollout22,104,right_toy,346.0,314.0,375.0,368.0,1.0,SAM2_PROPAGATED
rollout22,105,left_toy,182.0,374.0,211.0,414.0,1.0,SAM2_PROPAGATED
rollout22,105,right_toy,346.0,314.0,374.0,368.0,1.0,SAM2_PROPAGATED
rollout22,106,left_toy,182.0,374.0,210.0,413.0,1.0,SAM2_PROPAGATED
rollout22,106,right_toy,346.0,313.0,374.0,368.0,1.0,SAM2_PROPAGATED
rollout22,107,left_toy,182.0,373.0,212.0,413.0,1.0,SAM2_PROPAGATED
rollout22,107,right_toy,346.0,313.0,374.0,368.0,1.0,SAM2_PROPAGATED
rollout22,108,left_toy,183.0,372.0,213.0,411.0,1.0,SAM2_PROPAGATED
rollout22,108,right_toy,346.0,313.0,375.0,368.0,1.0,SAM2_PROPAGATED
rollout22,109,left_toy,186.0,370.0,217.0,409.0,1.0,SAM2_PROPAGATED
rollout22,109,right_toy,347.0,313.0,375.0,368.0,1.0,SAM2_PROPAGATED
rollout22,110,left_toy,190.0,366.0,219.0,404.0,1.0,SAM2_PROPAGATED
rollout22,110,right_toy,346.0,313.0,375.0,367.0,1.0,SAM2_PROPAGATED
rollout22,111,left_toy,196.0,361.0,224.0,399.0,1.0,SAM2_PROPAGATED
rollout22,111,right_toy,346.0,313.0,375.0,368.0,1.0,SAM2_PROPAGATED
rollout22,112,left_toy,203.0,355.0,232.0,391.0,1.0,SAM2_PROPAGATED
rollout22,112,right_toy,347.0,312.0,375.0,368.0,1.0,SAM2_PROPAGATED
rollout22,113,left_toy,211.0,347.0,239.0,383.0,1.0,SAM2_PROPAGATED
rollout22,113,right_toy,347.0,312.0,376.0,368.0,1.0,SAM2_PROPAGATED
rollout22,114,left_toy,220.0,340.0,249.0,375.0,1.0,SAM2_PROPAGATED
rollout22,114,right_toy,348.0,312.0,375.0,367.0,1.0,SAM2_PROPAGATED
rollout22,115,left_toy,230.0,331.0,258.0,365.0,1.0,SAM2_PROPAGATED
rollout22,115,right_toy,348.0,312.0,375.0,367.0,1.0,SAM2_PROPAGATED
rollout22,116,left_toy,238.0,324.0,264.0,356.0,1.0,SAM2_PROPAGATED
rollout22,116,right_toy,348.0,312.0,376.0,366.0,1.0,SAM2_PROPAGATED
rollout22,117,left_toy,245.0,317.0,272.0,349.0,1.0,SAM2_PROPAGATED
rollout22,117,right_toy,349.0,312.0,376.0,365.0,1.0,SAM2_PROPAGATED
rollout22,118,left_toy,251.0,312.0,276.0,344.0,1.0,SAM2_PROPAGATED
rollout22,118,right_toy,348.0,311.0,376.0,365.0,1.0,SAM2_PROPAGATED
rollout22,119,left_toy,253.0,310.0,279.0,341.0,1.0,SAM2_PROPAGATED
rollout22,119,right_toy,348.0,311.0,377.0,365.0,1.0,SAM2_PROPAGATED
rollout22,120,left_toy,255.0,308.0,281.0,339.0,1.0,SAM2_PROPAGATED
rollout22,120,right_toy,349.0,311.0,376.0,365.0,1.0,SAM2_PROPAGATED
rollout22,121,left_toy,255.0,307.0,283.0,338.0,1.0,SAM2_PROPAGATED
rollout22,121,right_toy,349.0,311.0,376.0,365.0,1.0,SAM2_PROPAGATED
rollout22,122,left_toy,256.0,307.0,283.0,338.0,1.0,SAM2_PROPAGATED
rollout22,122,right_toy,348.0,311.0,376.0,365.0,1.0,SAM2_PROPAGATED
rollout22,123,left_toy,257.0,303.0,286.0,338.0,1.0,SAM2_PROPAGATED
rollout22,123,right_toy,348.0,311.0,376.0,365.0,1.0,SAM2_PROPAGATED
rollout22,124,left_toy,263.0,319.0,286.0,341.0,1.0,SAM2_PROPAGATED
rollout22,124,right_toy,348.0,311.0,375.0,365.0,1.0,SAM2_PROPAGATED
rollout22,125,left_toy,275.0,341.0,290.0,359.0,1.0,SAM2_PROPAGATED
rollout22,125,right_toy,348.0,311.0,375.0,365.0,1.0,SAM2_PROPAGATED
rollout22,126,left_toy,272.0,344.0,300.0,367.0,1.0,SAM2_PROPAGATED
rollout22,126,right_toy,348.0,311.0,375.0,365.0,1.0,SAM2_PROPAGATED
rollout22,127,left_toy,273.0,346.0,290.0,366.0,1.0,SAM2_PROPAGATED
rollout22,127,right_toy,348.0,311.0,375.0,365.0,1.0,SAM2_PROPAGATED
rollout22,128,left_toy,274.0,346.0,289.0,361.0,1.0,SAM2_PROPAGATED
rollout22,128,right_toy,348.0,311.0,376.0,365.0,1.0,SAM2_PROPAGATED
rollout22,129,left_toy,273.0,347.0,288.0,361.0,1.0,SAM2_PROPAGATED
rollout22,129,right_toy,347.0,311.0,376.0,365.0,1.0,SAM2_PROPAGATED
rollout22,130,left_toy,268.0,346.0,296.0,368.0,1.0,SAM2_PROPAGATED
rollout22,130,right_toy,347.0,311.0,376.0,366.0,1.0,SAM2_PROPAGATED
rollout22,131,left_toy,273.0,343.0,296.0,368.0,1.0,SAM2_PROPAGATED
rollout22,131,right_toy,347.0,311.0,376.0,366.0,1.0,SAM2_PROPAGATED
rollout22,132,left_toy,281.0,343.0,296.0,369.0,1.0,SAM2_PROPAGATED
rollout22,132,right_toy,347.0,312.0,375.0,366.0,1.0,SAM2_PROPAGATED
rollout22,133,left_toy,259.0,345.0,295.0,373.0,1.0,SAM2_PROPAGATED
rollout22,133,right_toy,347.0,312.0,375.0,367.0,1.0,SAM2_PROPAGATED
rollout22,134,left_toy,273.0,340.0,295.0,369.0,1.0,SAM2_PROPAGATED
rollout22,134,right_toy,346.0,312.0,375.0,367.0,1.0,SAM2_PROPAGATED
rollout22,135,left_toy,275.0,345.0,295.0,369.0,1.0,SAM2_PROPAGATED
rollout22,135,right_toy,346.0,313.0,374.0,367.0,1.0,SAM2_PROPAGATED
rollout22,136,left_toy,276.0,346.0,295.0,370.0,1.0,SAM2_PROPAGATED
rollout22,136,right_toy,346.0,313.0,374.0,367.0,1.0,SAM2_PROPAGATED
rollout22,137,left_toy,276.0,346.0,294.0,370.0,1.0,SAM2_PROPAGATED
rollout22,137,right_toy,346.0,313.0,374.0,367.0,1.0,SAM2_PROPAGATED
rollout22,138,left_toy,276.0,346.0,294.0,370.0,1.0,SAM2_PROPAGATED
rollout22,138,right_toy,346.0,313.0,374.0,368.0,1.0,SAM2_PROPAGATED
rollout22,139,left_toy,275.0,345.0,294.0,371.0,1.0,SAM2_PROPAGATED
rollout22,139,right_toy,346.0,313.0,374.0,368.0,1.0,SAM2_PROPAGATED
rollout22,140,left_toy,275.0,345.0,294.0,371.0,1.0,SAM2_PROPAGATED
rollout22,140,right_toy,345.0,313.0,374.0,367.0,1.0,SAM2_PROPAGATED
rollout22,141,left_toy,275.0,346.0,294.0,371.0,1.0,SAM2_PROPAGATED
rollout22,141,right_toy,346.0,313.0,374.0,367.0,1.0,SAM2_PROPAGATED
rollout22,142,left_toy,275.0,346.0,295.0,371.0,1.0,SAM2_PROPAGATED
rollout22,142,right_toy,346.0,313.0,374.0,368.0,1.0,SAM2_PROPAGATED
rollout22,143,left_toy,276.0,346.0,295.0,370.0,1.0,SAM2_PROPAGATED
rollout22,143,right_toy,346.0,313.0,374.0,368.0,1.0,SAM2_PROPAGATED
rollout22,144,left_toy,275.0,346.0,295.0,370.0,1.0,SAM2_PROPAGATED
rollout22,144,right_toy,346.0,313.0,374.0,368.0,1.0,SAM2_PROPAGATED
rollout22,145,left_toy,275.0,346.0,295.0,371.0,1.0,SAM2_PROPAGATED
rollout22,145,right_toy,346.0,313.0,374.0,368.0,1.0,SAM2_PROPAGATED
rollout22,146,left_toy,275.0,346.0,295.0,371.0,1.0,SAM2_PROPAGATED
rollout22,146,right_toy,346.0,313.0,374.0,368.0,1.0,SAM2_PROPAGATED
rollout22,147,left_toy,275.0,346.0,295.0,371.0,1.0,SAM2_PROPAGATED
rollout22,147,right_toy,346.0,313.0,375.0,368.0,1.0,SAM2_PROPAGATED
rollout23,0,left_toy,209.0,373.0,239.0,403.0,1.0,SAM2_PROPAGATED
rollout23,0,right_toy,445.0,339.0,471.0,376.0,1.0,SAM2_PROPAGATED
rollout23,1,left_toy,209.0,372.0,240.0,403.0,1.0,SAM2_PROPAGATED
rollout23,1,right_toy,445.0,339.0,472.0,377.0,1.0,SAM2_PROPAGATED
rollout23,2,left_toy,210.0,373.0,240.0,403.0,1.0,SAM2_PROPAGATED
rollout23,2,right_toy,445.0,339.0,472.0,377.0,1.0,SAM2_PROPAGATED
rollout23,3,left_toy,210.0,373.0,240.0,403.0,1.0,SAM2_PROPAGATED
rollout23,3,right_toy,445.0,339.0,472.0,377.0,1.0,SAM2_PROPAGATED
rollout23,4,left_toy,210.0,373.0,239.0,403.0,1.0,SAM2_PROPAGATED
rollout23,4,right_toy,445.0,340.0,472.0,377.0,1.0,SAM2_PROPAGATED
rollout23,5,left_toy,210.0,373.0,239.0,403.0,1.0,SAM2_PROPAGATED
rollout23,5,right_toy,445.0,340.0,472.0,377.0,1.0,SAM2_PROPAGATED
rollout23,6,left_toy,210.0,373.0,240.0,403.0,1.0,SAM2_PROPAGATED
rollout23,6,right_toy,445.0,340.0,472.0,377.0,1.0,SAM2_PROPAGATED
rollout23,7,left_toy,210.0,373.0,240.0,403.0,1.0,SAM2_PROPAGATED
rollout23,7,right_toy,445.0,340.0,472.0,377.0,1.0,SAM2_PROPAGATED
rollout23,8,left_toy,210.0,373.0,240.0,404.0,1.0,SAM2_PROPAGATED
rollout23,8,right_toy,445.0,340.0,472.0,377.0,1.0,SAM2_PROPAGATED
rollout23,9,left_toy,210.0,373.0,240.0,403.0,1.0,SAM2_PROPAGATED
rollout23,9,right_toy,445.0,339.0,472.0,377.0,1.0,SAM2_PROPAGATED
rollout23,10,left_toy,209.0,373.0,239.0,403.0,1.0,SAM2_PROPAGATED
rollout23,10,right_toy,445.0,339.0,471.0,377.0,1.0,SAM2_PROPAGATED
rollout23,11,left_toy,209.0,372.0,240.0,402.0,1.0,SAM2_PROPAGATED
rollout23,11,right_toy,445.0,339.0,471.0,377.0,1.0,SAM2_PROPAGATED
rollout23,12,left_toy,209.0,372.0,240.0,402.0,1.0,SAM2_PROPAGATED
rollout23,12,right_toy,445.0,339.0,471.0,377.0,1.0,SAM2_PROPAGATED
rollout23,13,left_toy,210.0,372.0,240.0,401.0,1.0,SAM2_PROPAGATED
rollout23,13,right_toy,445.0,339.0,471.0,376.0,1.0,SAM2_PROPAGATED
rollout23,14,left_toy,210.0,372.0,240.0,402.0,1.0,SAM2_PROPAGATED
rollout23,14,right_toy,445.0,338.0,471.0,376.0,1.0,SAM2_PROPAGATED
rollout23,15,left_toy,210.0,371.0,240.0,401.0,1.0,SAM2_PROPAGATED
rollout23,15,right_toy,445.0,338.0,471.0,376.0,1.0,SAM2_PROPAGATED
rollout23,16,left_toy,210.0,371.0,241.0,401.0,1.0,SAM2_PROPAGATED
rollout23,16,right_toy,445.0,338.0,471.0,376.0,1.0,SAM2_PROPAGATED
rollout23,17,left_toy,210.0,371.0,241.0,401.0,1.0,SAM2_PROPAGATED
rollout23,17,right_toy,445.0,338.0,471.0,376.0,1.0,SAM2_PROPAGATED
rollout23,18,left_toy,211.0,371.0,240.0,401.0,1.0,SAM2_PROPAGATED
rollout23,18,right_toy,445.0,338.0,471.0,375.0,1.0,SAM2_PROPAGATED
rollout23,19,left_toy,211.0,371.0,240.0,401.0,1.0,SAM2_PROPAGATED
rollout23,19,right_toy,445.0,337.0,471.0,375.0,1.0,SAM2_PROPAGATED
rollout23,20,left_toy,211.0,371.0,240.0,398.0,1.0,SAM2_PROPAGATED
rollout23,20,right_toy,445.0,337.0,471.0,375.0,1.0,SAM2_PROPAGATED
rollout23,21,left_toy,211.0,370.0,240.0,400.0,1.0,SAM2_PROPAGATED
rollout23,21,right_toy,445.0,337.0,471.0,375.0,1.0,SAM2_PROPAGATED
rollout23,22,left_toy,211.0,370.0,241.0,398.0,1.0,SAM2_PROPAGATED
rollout23,22,right_toy,444.0,337.0,471.0,374.0,1.0,SAM2_PROPAGATED
rollout23,23,left_toy,211.0,370.0,241.0,399.0,1.0,SAM2_PROPAGATED
rollout23,23,right_toy,445.0,337.0,471.0,372.0,1.0,SAM2_PROPAGATED
rollout23,24,left_toy,211.0,370.0,241.0,398.0,1.0,SAM2_PROPAGATED
rollout23,24,right_toy,445.0,337.0,471.0,373.0,1.0,SAM2_PROPAGATED
rollout23,25,left_toy,211.0,370.0,241.0,397.0,1.0,SAM2_PROPAGATED
rollout23,25,right_toy,445.0,337.0,471.0,374.0,1.0,SAM2_PROPAGATED
rollout23,26,left_toy,212.0,370.0,241.0,396.0,1.0,SAM2_PROPAGATED
rollout23,26,right_toy,445.0,337.0,471.0,373.0,1.0,SAM2_PROPAGATED
rollout23,27,left_toy,212.0,370.0,241.0,394.0,1.0,SAM2_PROPAGATED
rollout23,27,right_toy,445.0,336.0,471.0,373.0,1.0,SAM2_PROPAGATED
rollout23,28,left_toy,212.0,370.0,241.0,391.0,1.0,SAM2_PROPAGATED
rollout23,28,right_toy,446.0,336.0,471.0,367.0,1.0,SAM2_PROPAGATED
rollout23,29,left_toy,212.0,370.0,241.0,392.0,1.0,SAM2_PROPAGATED
rollout23,29,right_toy,446.0,336.0,471.0,367.0,1.0,SAM2_PROPAGATED
rollout23,30,left_toy,213.0,369.0,241.0,390.0,1.0,SAM2_PROPAGATED
rollout23,30,right_toy,446.0,336.0,471.0,367.0,1.0,SAM2_PROPAGATED
rollout23,31,left_toy,213.0,369.0,241.0,389.0,1.0,SAM2_PROPAGATED
rollout23,31,right_toy,445.0,336.0,471.0,366.0,1.0,SAM2_PROPAGATED
rollout23,32,left_toy,212.0,369.0,241.0,388.0,1.0,SAM2_PROPAGATED
rollout23,32,right_toy,442.0,336.0,471.0,366.0,1.0,SAM2_PROPAGATED
rollout23,33,left_toy,213.0,368.0,244.0,386.0,1.0,SAM2_PROPAGATED
rollout23,33,right_toy,440.0,336.0,471.0,366.0,1.0,SAM2_PROPAGATED
rollout23,34,left_toy,213.0,368.0,244.0,387.0,1.0,SAM2_PROPAGATED
rollout23,34,right_toy,438.0,336.0,471.0,366.0,1.0,SAM2_PROPAGATED
rollout23,35,left_toy,213.0,368.0,244.0,386.0,1.0,SAM2_PROPAGATED
rollout23,35,right_toy,438.0,335.0,471.0,366.0,1.0,SAM2_PROPAGATED
rollout23,36,left_toy,213.0,368.0,239.0,387.0,1.0,SAM2_PROPAGATED
rollout23,36,right_toy,436.0,335.0,471.0,366.0,1.0,SAM2_PROPAGATED
rollout23,37,left_toy,214.0,368.0,242.0,386.0,1.0,SAM2_PROPAGATED
rollout23,37,right_toy,435.0,335.0,471.0,365.0,1.0,SAM2_PROPAGATED
rollout23,38,left_toy,213.0,368.0,242.0,386.0,1.0,SAM2_PROPAGATED
rollout23,38,right_toy,441.0,334.0,471.0,365.0,1.0,SAM2_PROPAGATED
rollout23,39,left_toy,213.0,368.0,241.0,386.0,1.0,SAM2_PROPAGATED
rollout23,39,right_toy,446.0,334.0,471.0,365.0,1.0,SAM2_PROPAGATED
rollout23,40,left_toy,213.0,368.0,238.0,386.0,1.0,SAM2_PROPAGATED
rollout23,40,right_toy,446.0,334.0,471.0,365.0,1.0,SAM2_PROPAGATED
rollout23,41,left_toy,213.0,368.0,238.0,386.0,1.0,SAM2_PROPAGATED
rollout23,41,right_toy,447.0,334.0,470.0,365.0,1.0,SAM2_PROPAGATED
rollout23,42,left_toy,213.0,368.0,239.0,386.0,1.0,SAM2_PROPAGATED
rollout23,42,right_toy,442.0,334.0,471.0,365.0,1.0,SAM2_PROPAGATED
rollout23,43,left_toy,214.0,367.0,240.0,386.0,1.0,SAM2_PROPAGATED
rollout23,43,right_toy,444.0,334.0,471.0,365.0,1.0,SAM2_PROPAGATED
rollout23,44,left_toy,217.0,365.0,240.0,387.0,1.0,SAM2_PROPAGATED
rollout23,44,right_toy,449.0,332.0,470.0,365.0,1.0,SAM2_PROPAGATED
rollout23,45,left_toy,216.0,364.0,239.0,387.0,1.0,SAM2_PROPAGATED
rollout23,45,right_toy,449.0,333.0,470.0,365.0,1.0,SAM2_PROPAGATED
rollout23,46,left_toy,217.0,364.0,239.0,387.0,1.0,SAM2_PROPAGATED
rollout23,46,right_toy,450.0,337.0,473.0,366.0,1.0,SAM2_PROPAGATED
rollout23,47,left_toy,217.0,363.0,239.0,386.0,1.0,SAM2_PROPAGATED
rollout23,47,right_toy,450.0,337.0,473.0,365.0,1.0,SAM2_PROPAGATED
rollout23,48,left_toy,217.0,363.0,239.0,386.0,1.0,SAM2_PROPAGATED
rollout23,48,right_toy,450.0,336.0,473.0,365.0,1.0,SAM2_PROPAGATED
rollout23,49,left_toy,216.0,363.0,239.0,386.0,1.0,SAM2_PROPAGATED
rollout23,49,right_toy,450.0,336.0,473.0,365.0,1.0,SAM2_PROPAGATED
rollout23,50,left_toy,216.0,363.0,239.0,386.0,1.0,SAM2_PROPAGATED
rollout23,50,right_toy,449.0,336.0,473.0,365.0,1.0,SAM2_PROPAGATED
rollout23,51,left_toy,216.0,362.0,239.0,386.0,1.0,SAM2_PROPAGATED
rollout23,51,right_toy,450.0,336.0,473.0,365.0,1.0,SAM2_PROPAGATED
rollout23,52,left_toy,215.0,361.0,238.0,385.0,1.0,SAM2_PROPAGATED
rollout23,52,right_toy,444.0,336.0,473.0,365.0,1.0,SAM2_PROPAGATED
rollout23,53,left_toy,212.0,359.0,237.0,385.0,1.0,SAM2_PROPAGATED
rollout23,53,right_toy,449.0,335.0,474.0,365.0,1.0,SAM2_PROPAGATED
rollout23,54,left_toy,208.0,356.0,234.0,384.0,1.0,SAM2_PROPAGATED
rollout23,54,right_toy,445.0,335.0,474.0,365.0,1.0,SAM2_PROPAGATED
rollout23,55,left_toy,205.0,354.0,230.0,383.0,1.0,SAM2_PROPAGATED
rollout23,55,right_toy,444.0,335.0,473.0,366.0,1.0,SAM2_PROPAGATED
rollout23,56,left_toy,202.0,351.0,230.0,383.0,1.0,SAM2_PROPAGATED
rollout23,56,right_toy,441.0,336.0,472.0,369.0,1.0,SAM2_PROPAGATED
rollout23,57,left_toy,198.0,351.0,227.0,384.0,1.0,SAM2_PROPAGATED
rollout23,57,right_toy,437.0,339.0,471.0,373.0,1.0,SAM2_PROPAGATED
rollout23,58,left_toy,196.0,349.0,225.0,388.0,1.0,SAM2_PROPAGATED
rollout23,58,right_toy,435.0,342.0,467.0,375.0,1.0,SAM2_PROPAGATED
rollout23,59,left_toy,193.0,349.0,222.0,391.0,1.0,SAM2_PROPAGATED
rollout23,59,right_toy,431.0,349.0,463.0,384.0,1.0,SAM2_PROPAGATED
rollout23,60,left_toy,190.0,349.0,223.0,398.0,1.0,SAM2_PROPAGATED
rollout23,60,right_toy,427.0,357.0,461.0,391.0,1.0,SAM2_PROPAGATED
rollout23,61,left_toy,189.0,349.0,223.0,399.0,1.0,SAM2_PROPAGATED
rollout23,61,right_toy,423.0,362.0,460.0,399.0,1.0,SAM2_PROPAGATED
rollout23,62,left_toy,188.0,354.0,222.0,404.0,1.0,SAM2_PROPAGATED
rollout23,62,right_toy,422.0,366.0,460.0,406.0,1.0,SAM2_PROPAGATED
rollout23,63,left_toy,187.0,356.0,222.0,406.0,1.0,SAM2_PROPAGATED
rollout23,63,right_toy,422.0,369.0,460.0,412.0,1.0,SAM2_PROPAGATED
rollout23,64,left_toy,187.0,355.0,222.0,408.0,1.0,SAM2_PROPAGATED
rollout23,64,right_toy,423.0,371.0,461.0,415.0,1.0,SAM2_PROPAGATED
rollout23,65,left_toy,187.0,356.0,222.0,407.0,1.0,SAM2_PROPAGATED
rollout23,65,right_toy,423.0,372.0,461.0,416.0,1.0,SAM2_PROPAGATED
rollout23,66,left_toy,188.0,356.0,223.0,408.0,1.0,SAM2_PROPAGATED
rollout23,66,right_toy,422.0,372.0,460.0,416.0,1.0,SAM2_PROPAGATED
rollout23,67,left_toy,189.0,356.0,224.0,407.0,1.0,SAM2_PROPAGATED
rollout23,67,right_toy,422.0,372.0,460.0,416.0,1.0,SAM2_PROPAGATED
rollout23,68,left_toy,193.0,354.0,229.0,404.0,1.0,SAM2_PROPAGATED
rollout23,68,right_toy,422.0,372.0,460.0,416.0,1.0,SAM2_PROPAGATED
rollout23,69,left_toy,202.0,353.0,235.0,397.0,1.0,SAM2_PROPAGATED
rollout23,69,right_toy,422.0,372.0,460.0,416.0,1.0,SAM2_PROPAGATED
rollout23,70,left_toy,213.0,342.0,244.0,390.0,1.0,SAM2_PROPAGATED
rollout23,70,right_toy,422.0,372.0,461.0,416.0,1.0,SAM2_PROPAGATED
rollout23,71,left_toy,229.0,337.0,257.0,381.0,1.0,SAM2_PROPAGATED
rollout23,71,right_toy,422.0,372.0,461.0,416.0,1.0,SAM2_PROPAGATED
rollout23,72,left_toy,247.0,333.0,272.0,370.0,1.0,SAM2_PROPAGATED
rollout23,72,right_toy,422.0,372.0,460.0,416.0,1.0,SAM2_PROPAGATED
rollout23,73,left_toy,265.0,322.0,292.0,362.0,1.0,SAM2_PROPAGATED
rollout23,73,right_toy,422.0,372.0,460.0,416.0,1.0,SAM2_PROPAGATED
rollout23,74,left_toy,281.0,317.0,304.0,352.0,1.0,SAM2_PROPAGATED
rollout23,74,right_toy,423.0,372.0,460.0,416.0,1.0,SAM2_PROPAGATED
rollout23,75,left_toy,297.0,305.0,321.0,345.0,1.0,SAM2_PROPAGATED
rollout23,75,right_toy,422.0,372.0,460.0,416.0,1.0,SAM2_PROPAGATED
rollout23,76,left_toy,311.0,301.0,334.0,337.0,1.0,SAM2_PROPAGATED
rollout23,76,right_toy,422.0,372.0,460.0,416.0,1.0,SAM2_PROPAGATED
rollout23,77,left_toy,323.0,299.0,346.0,336.0,1.0,SAM2_PROPAGATED
rollout23,77,right_toy,422.0,372.0,460.0,416.0,1.0,SAM2_PROPAGATED
rollout23,78,left_toy,331.0,293.0,352.0,330.0,1.0,SAM2_PROPAGATED
rollout23,78,right_toy,423.0,372.0,460.0,416.0,1.0,SAM2_PROPAGATED
rollout23,79,left_toy,337.0,291.0,358.0,329.0,1.0,SAM2_PROPAGATED
rollout23,79,right_toy,423.0,373.0,460.0,416.0,1.0,SAM2_PROPAGATED
rollout23,80,left_toy,340.0,289.0,361.0,327.0,1.0,SAM2_PROPAGATED
rollout23,80,right_toy,423.0,373.0,459.0,416.0,1.0,SAM2_PROPAGATED
rollout23,81,left_toy,341.0,289.0,360.0,327.0,1.0,SAM2_PROPAGATED
rollout23,81,right_toy,423.0,373.0,459.0,416.0,1.0,SAM2_PROPAGATED
rollout23,82,left_toy,341.0,289.0,362.0,327.0,1.0,SAM2_PROPAGATED
rollout23,82,right_toy,423.0,373.0,459.0,416.0,1.0,SAM2_PROPAGATED
rollout23,83,left_toy,341.0,298.0,364.0,330.0,1.0,SAM2_PROPAGATED
rollout23,83,right_toy,423.0,373.0,459.0,415.0,1.0,SAM2_PROPAGATED
rollout23,84,left_toy,349.0,322.0,363.0,336.0,1.0,SAM2_PROPAGATED
rollout23,84,right_toy,423.0,373.0,459.0,416.0,1.0,SAM2_PROPAGATED
rollout23,85,right_toy,423.0,373.0,459.0,416.0,1.0,SAM2_PROPAGATED
rollout23,86,right_toy,423.0,373.0,459.0,416.0,1.0,SAM2_PROPAGATED
rollout23,87,right_toy,423.0,373.0,459.0,416.0,1.0,SAM2_PROPAGATED
rollout23,88,right_toy,423.0,373.0,459.0,416.0,1.0,SAM2_PROPAGATED
rollout23,89,left_toy,353.0,343.0,362.0,357.0,1.0,SAM2_PROPAGATED
rollout23,89,right_toy,422.0,373.0,459.0,416.0,1.0,SAM2_PROPAGATED
rollout23,90,left_toy,347.0,344.0,362.0,361.0,1.0,SAM2_PROPAGATED
rollout23,90,right_toy,423.0,373.0,459.0,416.0,1.0,SAM2_PROPAGATED
rollout23,91,left_toy,340.0,346.0,355.0,362.0,1.0,SAM2_PROPAGATED
rollout23,91,right_toy,423.0,373.0,459.0,416.0,1.0,SAM2_PROPAGATED
rollout23,92,left_toy,346.0,340.0,361.0,362.0,1.0,SAM2_PROPAGATED
rollout23,92,right_toy,423.0,373.0,459.0,416.0,1.0,SAM2_PROPAGATED
rollout23,93,left_toy,340.0,340.0,361.0,365.0,1.0,SAM2_PROPAGATED
rollout23,93,right_toy,422.0,373.0,459.0,417.0,1.0,SAM2_PROPAGATED
rollout23,94,left_toy,340.0,340.0,360.0,366.0,1.0,SAM2_PROPAGATED
rollout23,94,right_toy,423.0,373.0,459.0,416.0,1.0,SAM2_PROPAGATED
rollout23,95,left_toy,339.0,340.0,359.0,365.0,1.0,SAM2_PROPAGATED
rollout23,95,right_toy,423.0,373.0,459.0,416.0,1.0,SAM2_PROPAGATED
rollout23,96,left_toy,339.0,340.0,359.0,366.0,1.0,SAM2_PROPAGATED
rollout23,96,right_toy,423.0,373.0,459.0,416.0,1.0,SAM2_PROPAGATED
rollout23,97,left_toy,339.0,341.0,358.0,366.0,1.0,SAM2_PROPAGATED
rollout23,97,right_toy,427.0,373.0,459.0,415.0,1.0,SAM2_PROPAGATED
rollout23,98,left_toy,338.0,341.0,358.0,366.0,1.0,SAM2_PROPAGATED
rollout23,98,right_toy,428.0,372.0,459.0,415.0,1.0,SAM2_PROPAGATED
rollout23,99,left_toy,338.0,341.0,358.0,366.0,1.0,SAM2_PROPAGATED
rollout23,99,right_toy,423.0,372.0,459.0,416.0,1.0,SAM2_PROPAGATED
rollout23,100,left_toy,338.0,341.0,359.0,367.0,1.0,SAM2_PROPAGATED
rollout23,100,right_toy,428.0,372.0,459.0,415.0,1.0,SAM2_PROPAGATED
rollout23,101,left_toy,339.0,340.0,359.0,367.0,1.0,SAM2_PROPAGATED
rollout23,101,right_toy,423.0,372.0,459.0,416.0,1.0,SAM2_PROPAGATED
rollout23,102,left_toy,339.0,340.0,360.0,367.0,1.0,SAM2_PROPAGATED
rollout23,102,right_toy,427.0,373.0,459.0,415.0,1.0,SAM2_PROPAGATED
rollout23,103,left_toy,339.0,340.0,360.0,367.0,1.0,SAM2_PROPAGATED
rollout23,103,right_toy,428.0,373.0,459.0,415.0,1.0,SAM2_PROPAGATED
rollout23,104,left_toy,340.0,340.0,362.0,366.0,1.0,SAM2_PROPAGATED
rollout23,104,right_toy,428.0,373.0,459.0,415.0,1.0,SAM2_PROPAGATED
rollout23,105,left_toy,341.0,340.0,363.0,366.0,1.0,SAM2_PROPAGATED
rollout23,105,right_toy,428.0,373.0,459.0,415.0,1.0,SAM2_PROPAGATED
rollout23,106,left_toy,343.0,340.0,368.0,366.0,1.0,SAM2_PROPAGATED
rollout23,106,right_toy,428.0,373.0,459.0,415.0,1.0,SAM2_PROPAGATED
rollout23,107,left_toy,345.0,341.0,368.0,366.0,1.0,SAM2_PROPAGATED
rollout23,107,right_toy,428.0,372.0,459.0,415.0,1.0,SAM2_PROPAGATED
rollout23,108,left_toy,345.0,341.0,368.0,366.0,1.0,SAM2_PROPAGATED
rollout23,108,right_toy,426.0,371.0,457.0,414.0,1.0,SAM2_PROPAGATED
rollout23,109,left_toy,345.0,340.0,368.0,366.0,1.0,SAM2_PROPAGATED
rollout23,109,right_toy,419.0,369.0,452.0,410.0,1.0,SAM2_PROPAGATED
rollout23,110,left_toy,344.0,339.0,367.0,365.0,1.0,SAM2_PROPAGATED
rollout23,110,right_toy,411.0,365.0,446.0,406.0,1.0,SAM2_PROPAGATED
rollout23,111,left_toy,344.0,339.0,368.0,365.0,1.0,SAM2_PROPAGATED
rollout23,111,right_toy,401.0,359.0,434.0,399.0,1.0,SAM2_PROPAGATED
rollout23,112,left_toy,343.0,339.0,366.0,364.0,1.0,SAM2_PROPAGATED
rollout23,112,right_toy,390.0,352.0,421.0,389.0,1.0,SAM2_PROPAGATED
rollout23,113,left_toy,343.0,338.0,366.0,364.0,1.0,SAM2_PROPAGATED
rollout23,113,right_toy,372.0,343.0,403.0,379.0,1.0,SAM2_PROPAGATED
rollout23,114,left_toy,342.0,338.0,361.0,361.0,1.0,SAM2_PROPAGATED
rollout23,114,right_toy,356.0,336.0,387.0,369.0,1.0,SAM2_PROPAGATED
rollout23,115,right_toy,335.0,326.0,368.0,359.0,1.0,SAM2_PROPAGATED
rollout23,116,right_toy,319.0,319.0,349.0,351.0,1.0,SAM2_PROPAGATED
rollout23,117,left_toy,347.0,337.0,363.0,360.0,1.0,SAM2_PROPAGATED
rollout23,117,right_toy,302.0,313.0,333.0,344.0,1.0,SAM2_PROPAGATED
rollout23,118,left_toy,344.0,337.0,363.0,359.0,1.0,SAM2_PROPAGATED
rollout23,118,right_toy,290.0,308.0,322.0,340.0,1.0,SAM2_PROPAGATED
rollout23,119,left_toy,341.0,336.0,362.0,359.0,1.0,SAM2_PROPAGATED
rollout23,119,right_toy,283.0,305.0,314.0,337.0,1.0,SAM2_PROPAGATED
rollout23,120,left_toy,342.0,337.0,362.0,362.0,1.0,SAM2_PROPAGATED
rollout23,120,right_toy,277.0,303.0,308.0,336.0,1.0,SAM2_PROPAGATED
rollout23,121,left_toy,341.0,337.0,364.0,363.0,1.0,SAM2_PROPAGATED
rollout23,121,right_toy,275.0,302.0,306.0,335.0,1.0,SAM2_PROPAGATED
rollout23,122,left_toy,342.0,337.0,365.0,363.0,1.0,SAM2_PROPAGATED
rollout23,122,right_toy,274.0,301.0,305.0,335.0,1.0,SAM2_PROPAGATED
rollout23,123,left_toy,342.0,337.0,365.0,364.0,1.0,SAM2_PROPAGATED
rollout23,123,right_toy,273.0,301.0,305.0,335.0,1.0,SAM2_PROPAGATED
rollout23,124,left_toy,342.0,337.0,365.0,364.0,1.0,SAM2_PROPAGATED
rollout23,124,right_toy,270.0,299.0,306.0,335.0,1.0,SAM2_PROPAGATED
rollout23,125,left_toy,342.0,337.0,365.0,364.0,1.0,SAM2_PROPAGATED
rollout23,125,right_toy,258.0,297.0,280.0,331.0,1.0,SAM2_PROPAGATED
rollout23,126,left_toy,342.0,337.0,365.0,364.0,1.0,SAM2_PROPAGATED
rollout23,126,right_toy,245.0,311.0,274.0,338.0,1.0,SAM2_PROPAGATED
rollout23,127,left_toy,342.0,336.0,365.0,364.0,1.0,SAM2_PROPAGATED
rollout23,127,right_toy,251.0,311.0,274.0,340.0,1.0,SAM2_PROPAGATED
rollout23,128,left_toy,342.0,337.0,365.0,364.0,1.0,SAM2_PROPAGATED
rollout23,128,right_toy,260.0,312.0,289.0,337.0,1.0,SAM2_PROPAGATED
rollout23,129,left_toy,342.0,337.0,366.0,364.0,1.0,SAM2_PROPAGATED
rollout23,129,right_toy,260.0,313.0,285.0,358.0,1.0,SAM2_PROPAGATED
rollout23,130,left_toy,342.0,338.0,366.0,364.0,1.0,SAM2_PROPAGATED
rollout23,130,right_toy,263.0,313.0,288.0,360.0,1.0,SAM2_PROPAGATED
rollout23,131,left_toy,343.0,338.0,366.0,363.0,1.0,SAM2_PROPAGATED
rollout23,131,right_toy,269.0,315.0,293.0,362.0,1.0,SAM2_PROPAGATED
rollout23,132,left_toy,344.0,342.0,368.0,363.0,1.0,SAM2_PROPAGATED
rollout23,132,right_toy,270.0,311.0,294.0,359.0,1.0,SAM2_PROPAGATED
rollout23,133,left_toy,355.0,342.0,369.0,364.0,1.0,SAM2_PROPAGATED
rollout23,133,right_toy,271.0,326.0,304.0,361.0,1.0,SAM2_PROPAGATED
rollout23,134,right_toy,269.0,338.0,294.0,362.0,1.0,SAM2_PROPAGATED
rollout23,135,left_toy,345.0,338.0,366.0,357.0,1.0,SAM2_PROPAGATED
rollout23,135,right_toy,269.0,339.0,294.0,363.0,1.0,SAM2_PROPAGATED
rollout23,136,left_toy,350.0,339.0,368.0,366.0,1.0,SAM2_PROPAGATED
rollout23,136,right_toy,268.0,334.0,295.0,363.0,1.0,SAM2_PROPAGATED
rollout23,137,left_toy,346.0,339.0,368.0,366.0,1.0,SAM2_PROPAGATED
rollout23,137,right_toy,269.0,333.0,295.0,363.0,1.0,SAM2_PROPAGATED
rollout23,138,left_toy,346.0,340.0,370.0,367.0,1.0,SAM2_PROPAGATED
rollout23,138,right_toy,269.0,332.0,295.0,364.0,1.0,SAM2_PROPAGATED
rollout23,139,left_toy,346.0,340.0,371.0,367.0,1.0,SAM2_PROPAGATED
rollout23,139,right_toy,268.0,333.0,295.0,364.0,1.0,SAM2_PROPAGATED
rollout23,140,left_toy,346.0,340.0,371.0,367.0,1.0,SAM2_PROPAGATED
rollout23,140,right_toy,269.0,333.0,295.0,365.0,1.0,SAM2_PROPAGATED
rollout23,141,left_toy,346.0,340.0,371.0,367.0,1.0,SAM2_PROPAGATED
rollout23,141,right_toy,268.0,333.0,295.0,365.0,1.0,SAM2_PROPAGATED
rollout23,142,left_toy,346.0,340.0,371.0,367.0,1.0,SAM2_PROPAGATED
rollout23,142,right_toy,268.0,333.0,295.0,365.0,1.0,SAM2_PROPAGATED
rollout23,143,left_toy,346.0,339.0,371.0,367.0,1.0,SAM2_PROPAGATED
rollout23,143,right_toy,268.0,334.0,295.0,365.0,1.0,SAM2_PROPAGATED
rollout23,144,left_toy,346.0,340.0,371.0,367.0,1.0,SAM2_PROPAGATED
rollout23,144,right_toy,268.0,333.0,295.0,366.0,1.0,SAM2_PROPAGATED
rollout23,145,left_toy,345.0,340.0,371.0,367.0,1.0,SAM2_PROPAGATED
rollout23,145,right_toy,268.0,333.0,295.0,365.0,1.0,SAM2_PROPAGATED
rollout23,146,left_toy,345.0,340.0,371.0,367.0,1.0,SAM2_PROPAGATED
rollout23,146,right_toy,268.0,333.0,295.0,366.0,1.0,SAM2_PROPAGATED
rollout23,147,left_toy,345.0,340.0,372.0,367.0,1.0,SAM2_PROPAGATED
rollout23,147,right_toy,267.0,333.0,295.0,365.0,1.0,SAM2_PROPAGATED
rollout23,148,left_toy,345.0,340.0,371.0,367.0,1.0,SAM2_PROPAGATED
rollout23,148,right_toy,267.0,333.0,295.0,366.0,1.0,SAM2_PROPAGATED
